category,subcategory,ID,Description,GeneRatio,BgRatio,RichFactor,FoldEnrichment,zScore,pvalue,p.adjust,qvalue,geneID,Count
Metabolism,Energy metabolism,mmu00190,Oxidative phosphorylation,38/96,101/6791,0.37623762376237624,26.614892739273927,31.0552752342231,6.086890069000612e-47,6.999923579350704e-45,4.8054395281583786e-45,66594/78330/68197/66377/66414/66445/67130/110323/66142/66694/66152/17991/22272/13063/12867/66218/66046/12864/17992/68194/12869/12861/54405/68198/225887/68375/12865/66576/230075/67264/104130/12857/69875/12866/75406/67184/66945/66052,38
Organismal Systems,Environmental adaptation,mmu04714,Thermogenesis,45/96,195/6791,0.23076923076923078,16.32451923076923,25.99914425355827,3.3289492339524314e-45,1.914145809522648e-43,1.3140589081391177e-43,66594/78330/68197/66377/66414/66445/67130/110323/66142/66694/66152/17991/22272/23945/12896/22227/12867/66218/66046/433256/12864/17992/68194/12869/12861/54405/68198/66853/225887/68375/57279/12865/66576/230075/67264/104130/11556/12857/14081/69875/12866/75406/67184/66945/66052,45
Human Diseases,Cardiovascular disease,mmu05415,Diabetic cardiomyopathy,41/96,176/6791,0.23295454545454544,16.479107481060606,24.9133734697455,5.075362205190187e-41,1.945555511989572e-39,1.3356216329447863e-39,66594/78330/68197/66377/66414/66445/67130/110323/66142/66694/66152/17991/22272/14381/18597/12896/12867/66218/66046/12864/17992/68194/12869/70456/12861/54405/68198/225887/68375/12865/66576/230075/67264/104130/12857/69875/12866/75406/67184/66945/66052,41
Human Diseases,Endocrine and metabolic disease,mmu04932,Non-alcoholic fatty liver disease,38/96,144/6791,0.2638888888888889,18.667390046296298,25.65878080920137,4.3006835585133365e-40,1.2364465230725842e-38,8.4881912339079e-39,66594/78330/68197/66377/66414/66445/67130/110323/66142/66694/66152/17991/22272/13063/12867/66218/66046/12864/17992/68194/12869/12861/54405/68198/225887/68375/12865/66576/230075/67264/104130/12857/69875/12866/75406/67184/66945/66052,38
Human Diseases,Cancer: overview,mmu05208,Chemical carcinogenesis - reactive oxygen species,39/96,187/6791,0.20855614973262032,14.753175133689838,22.835759333158936,7.820606366891708e-37,1.7987394643850926e-35,1.234832584246059e-35,66594/78330/68197/66377/66414/66445/67130/110323/66142/66694/66152/17991/22272/12867/66218/66046/12864/17992/20656/68194/12869/12861/54405/68198/225887/68375/13850/12865/66576/230075/67264/104130/12857/69875/12866/75406/67184/66945/66052,39
Human Diseases,Neurodegenerative disease,mmu05012,Parkinson disease,38/96,221/6791,0.17194570135746606,12.163367269984917,20.202442442870808,1.9126154747749155e-32,3.6658463266519217e-31,2.5165993089143624e-31,66594/78330/68197/66377/66414/66445/67130/110323/66142/66694/66152/17991/22272/13063/12867/66218/66046/12864/17992/68194/12869/12861/54405/68198/225887/68375/12865/66576/230075/67264/104130/12857/69875/12866/75406/67184/66945/66052,38
Human Diseases,Neurodegenerative disease,mmu05016,Huntington disease,40/96,263/6791,0.1520912547528517,10.758871989860582,19.327809463553578,4.43037560057187e-32,7.2784742009395e-31,4.996664211171282e-31,66594/78330/68197/66377/66414/66445/67130/110323/66142/66694/66152/17991/22272/13063/22227/12867/66218/66046/12864/17992/20656/68194/12869/12861/54405/68198/225887/68375/12865/66576/230075/67264/104130/12857/69875/12866/75406/67184/66945/66052,40
Human Diseases,Neurodegenerative disease,mmu05020,Prion disease,38/96,228/6791,0.16666666666666666,11.789930555555555,19.84403954909429,6.574182802610027e-32,9.450387778751914e-31,6.487680397312527e-31,66594/78330/68197/66377/66414/66445/67130/110323/66142/66694/66152/17991/22272/13063/12867/66218/66046/12864/17992/68194/12869/12861/54405/68198/225887/68375/12865/66576/230075/67264/104130/12857/69875/12866/75406/67184/66945/66052,38
Human Diseases,Neurodegenerative disease,mmu05014,Amyotrophic lateral sclerosis,40/96,314/6791,0.12738853503184713,9.011411889596603,17.405325484574448,5.883654382167622e-29,7.518002821658628e-28,5.161100335234755e-28,66594/78330/68197/103172/66377/66414/66445/67130/110323/66142/66694/66152/17991/22272/13063/12867/66218/66046/12864/17992/68194/12869/12861/54405/68198/225887/67819/68375/12865/66576/230075/67264/104130/12857/69875/12866/75406/67184/66945/66052,40
Human Diseases,Neurodegenerative disease,mmu05010,Alzheimer disease,38/96,327/6791,0.1162079510703364,8.220502038735985,16.024548813300413,6.966880485974284e-26,8.011912558870427e-25,5.50016880471654e-25,66594/78330/68197/66377/66414/66445/67130/110323/66142/66694/66152/17991/22272/13063/12867/66218/66046/12864/17992/68194/12869/12861/54405/68198/225887/68375/12865/66576/230075/67264/104130/12857/69875/12866/75406/67184/66945/66052,38
Human Diseases,Neurodegenerative disease,mmu05022,Pathways of neurodegeneration - multiple diseases,39/96,411/6791,0.0948905109489051,6.712515206812651,14.306491914273398,2.7621474639287266e-23,2.8876996213800327e-22,1.9824024860732488e-22,66594/78330/68197/66377/66414/66445/67130/110323/66142/66694/66152/17991/22272/13063/12867/66218/66046/12864/17992/68194/12869/12861/54405/68198/225887/67819/68375/12865/66576/230075/67264/104130/12857/69875/12866/75406/67184/66945/66052,39
Organismal Systems,Nervous system,mmu04723,Retrograde endocannabinoid signaling,21/96,131/6791,0.16030534351145037,11.33993320610687,14.30907234875167,4.488595142908285e-17,4.3015703452871065e-16,2.953023120334398e-16,78330/68197/66377/66414/67130/17991/23945/66218/66046/17992/68194/54405/68198/225887/68375/230075/67264/104130/69875/75406/67184,21
Metabolism,Global and overview maps,mmu01212,Fatty acid metabolism,14/96,58/6791,0.2413793103448276,17.07507183908046,14.721695308095276,2.929726156507032e-14,2.5916808307562204e-13,1.7791859250042704e-13,97212/170439/15107/12896/12686/11363/433256/107476/56348/93747/14081/11364/14104/231086,14
Organismal Systems,Circulatory system,mmu04260,Cardiac muscle contraction,15/96,78/6791,0.19230769230769232,13.603766025641027,13.405546490863799,1.2356412053881979e-13,1.0149909901403052e-12,6.967901534143974e-13,66594/66445/110323/66142/66694/66152/22272/12867/12864/12869/12861/12865/66576/12857/12866,15
Metabolism,Global and overview maps,mmu01200,Carbon metabolism,16/96,110/6791,0.14545454545454545,10.289393939393939,11.761377790021566,1.674773648705045e-12,1.2839931306738679e-11,8.814598151079185e-12,110208/15277/14381/18597/14751/11674/13806/18563/67834/93747/235339/15929/21881/18641/66945/66052,16
Metabolism,Carbohydrate metabolism,mmu00020,Citrate cycle (TCA cycle),8/96,29/6791,0.27586206896551724,19.514367816091955,11.963700053160776,3.992948571683613e-9,2.869931785897597e-8,1.970204887343888e-8,18597/18563/67834/235339/15929/104112/66945/66052,8
Metabolism,Lipid metabolism,mmu00071,Fatty acid degradation,9/96,46/6791,0.1956521739130435,13.840353260869565,10.463093925564065,1.103766224030433e-8,7.466653868441164e-8,5.12584933760263e-8,97212/15107/12896/11363/433256/93747/14081/11364/231086,9
Metabolism,Lipid metabolism,mmu00062,Fatty acid elongation,7/96,30/6791,0.23333333333333334,16.505902777777777,10.191718716976652,1.4124261306672165e-7,9.023833612596105e-7,6.194851450294809e-7,97212/170439/15107/12686/56348/93747/231086,7
Organismal Systems,Endocrine system,mmu03320,PPAR signaling pathway,9/96,79/6791,0.11392405063291139,8.0589398734177209,7.556527503723575,1.4053156723670334e-6,8.377783987036245e-6,5.751339121535179e-6,11520/12896/22227/14077/11363/433256/13167/14081/11364,9
Metabolism,Carbohydrate metabolism,mmu00010,Glycolysis / Gluconeogenesis,8/96,59/6791,0.13559322033898305,9.59180790960452,7.936585951506377,1.4570059107889121e-6,8.377783987036245e-6,5.751339121535179e-6,15277/18597/14751/11674/13806/16828/235339/18641,8
Metabolism,Carbohydrate metabolism,mmu00030,Pentose phosphate pathway,6/96,31/6791,0.1935483870967742,13.691532258064514,8.48040844582596,3.774487641949846e-6,2.0669813277344393e-5,1.4189803165224983e-5,110208/14381/14751/11674/21881/18641,6
Metabolism,Global and overview maps,mmu01210,2-Oxocarboxylic acid metabolism,5/96,29/6791,0.1724137931034483,12.196479885057471,7.234993294216098,4.614865466857874e-5,2.4123160394938888e-4,1.6560522010255528e-4,18597/67834/235339/15929/13171,5
Metabolism,Global and overview maps,mmu01230,Biosynthesis of amino acids,7/96,70/6791,0.1,7.073958333333334,6.116445265171425,5.247490178707265e-5,2.6237450893536326e-4,1.801198001844599e-4,11674/13806/18563/67834/15929/21881/18641,7
Metabolism,Carbohydrate metabolism,mmu00640,Propanoate metabolism,5/96,30/6791,0.16666666666666666,11.789930555555555,7.09200481738696,5.476261610058317e-5,2.624042021486277e-4,1.80140184541392e-4,97212/16828/107476/93747/13171,5
Metabolism,Lipid metabolism,mmu00061,Fatty acid biosynthesis,4/96,16/6791,0.25,17.684895833333332,8.000627565133996,5.992505470772652e-5,2.75655251655542e-4,1.892370148665048e-4,433256/107476/14081/14104,4
Metabolism,Amino acid metabolism,mmu00280,"Valine, leucine and isoleucine degradation",6/96,52/6791,0.11538461538461539,8.162259615384615,6.207964371211406,8.2171872763201e-5,3.634525141449275e-4,2.495097351109342e-4,97212/15107/93747/13171/11364/231086,6
Metabolism,Carbohydrate metabolism,mmu00620,Pyruvate metabolism,5/96,43/6791,0.11627906976744186,8.225532945736434,5.691304071050146,3.1993838222303705e-4,0.0013627005168758985,9.354923456813949e-4,18597/18563/16828/107476/235339,5
Cellular Processes,Transport and catabolism,mmu04146,Peroxisome,6/96,86/6791,0.06976744186046512,4.93531976744186,4.397694683959495,0.001290554857436202,0.005300493164470115,0.0036387824927712462,433256/20656/51798/13850/14081/12908,6
Metabolism,Metabolism of cofactors and vitamins,mmu00785,Lipoic acid metabolism,3/96,18/6791,0.16666666666666666,11.789930555555555,5.488574673701804,0.0019151136907373893,0.0075944163598206825,0.005213558141753329,18597/235339/13171,3
Human Diseases,Cancer: overview,mmu05230,Central carbon metabolism in cancer,5/96,68/6791,0.07352941176470588,5.201439950980393,4.16933003696159,0.0026242237668569453,0.01005952443961829,0.006905852018044594,15277/14381/18597/16828/18641,5
Environmental Information Processing,Signal transduction,mmu04066,HIF-1 signaling pathway,6/96,104/6791,0.057692307692307696,4.0811298076923075,3.7914577126317384,0.0033991150834012523,0.012609620470682065,0.008656490025639863,15277/18597/11674/13806/16828/18641,6
Metabolism,Carbohydrate metabolism,mmu00650,Butanoate metabolism,3/96,25/6791,0.12,8.48875,4.491677361339855,0.005025377359662872,0.018059949886288444,0.012398134933378794,97212/15107/93747,3
Metabolism,Carbohydrate metabolism,mmu00051,Fructose and mannose metabolism,3/96,32/6791,0.09375,6.6318359375,3.8236574102778387,0.010092415625537211,0.03517053930111452,0.024144534989323473,15277/11674/18641,3
Metabolism,Lipid metabolism,mmu01040,Biosynthesis of unsaturated fatty acids,3/96,33/6791,0.09090909090909091,6.430871212121212,3.7446617383100205,0.010989575316114693,0.037170622392740875,0.025517589743300373,170439/12686/56348,3
