ID,Description,GeneRatio,BgRatio,RichFactor,FoldEnrichment,zScore,pvalue,p.adjust,qvalue,geneID,Count
GO:0006091,generation of precursor metabolites and energy,61/111,426/16623,0.1431924882629108,21.444042634183482,35.04754280423201,3.969898337199285e-68,4.89091475142952e-65,3.752598638742062e-65,Uqcr11/Ndufv3/Ndufc2/Pgd/Chchd10/Ndufc1/Ndufa12/Cyc1/Ndufa6/Cox6b1/Cox7b/Uqcrfs1/Uqcr10/Hk2/Gpd1/Ndufa2/Uqcrq/G6pdx/Cycs/Pdha1/Gpd2/Gpi1/Mrps36/Aldoa/Cox7c/Eno1/Ndufb9/Ndufb5/Cox6c/Ndufa4/Ldha/Sod2/Idh3a/Ndufb4/Cox8b/Cox6a1/Ndufa1/Ndufb2/Aifm1/Ndufs8/Dlat/Ndufa8/Cox7a1/Uqcrh/Ndufb6/Idh3g/Mtch2/Ndufb8/Tkt/Ndufb11/Cox4i1/Acadm/Ndufa11/Aifm2/Cox7a2/Ndufs7/Ndufa13/Etfdh/Pfkl/Sdha/Sdhc,61
GO:0006119,oxidative phosphorylation,39/111,112/16623,0.3482142857142857,52.147442084942085,44.529675497833246,1.1796371801629874e-58,2.906626011921601e-56,2.230135132181816e-56,Uqcr11/Ndufv3/Ndufc2/Chchd10/Ndufc1/Ndufa12/Cyc1/Ndufa6/Cox6b1/Cox7b/Uqcrfs1/Uqcr10/Ndufa2/Uqcrq/Cycs/Cox7c/Ndufb9/Ndufb5/Cox6c/Ndufb4/Cox8b/Cox6a1/Ndufa1/Ndufb2/Ndufs8/Ndufa8/Cox7a1/Uqcrh/Ndufb6/Mtch2/Ndufb8/Ndufb11/Cox4i1/Ndufa11/Cox7a2/Ndufs7/Ndufa13/Sdha/Sdhc,39
GO:0072522,purine-containing compound biosynthetic process,33/111,203/16623,0.1625615763546798,24.344694448142725,27.438029893377987,3.952176378077323e-37,4.869081297791261e-35,3.7358467236983534e-35,Ndufv3/Ndufc2/Ndufc1/Ndufa12/Ndufa6/Elovl6/Ndufa2/G6pdx/Pdha1/Elovl3/Aldoa/Eno1/Ndufb9/Ndufb5/Acsl5/Acaca/Ndufb4/Mpc2/Ndufa1/Ndufb2/Ndufs8/Dlat/Ndufa8/Ndufb6/Ndufb8/Ndufb11/Acsl1/Ndufa11/Acly/Ndufs7/Ndufa13/Sdha/Sdhc,33
GO:0042776,proton motive force-driven mitochondrial ATP synthesis,21/111,42/16623,0.5,74.87837837837837,39.304287521111085,1.3444610026503589e-35,1.3803132960543686e-33,1.0590578775263354e-33,Ndufv3/Ndufc2/Ndufc1/Ndufa12/Ndufa6/Ndufa2/Ndufb9/Ndufb5/Ndufb4/Ndufa1/Ndufb2/Ndufs8/Ndufa8/Ndufb6/Ndufb8/Ndufb11/Ndufa11/Ndufs7/Ndufa13/Sdha/Sdhc,21
GO:0046034,ATP metabolic process,28/111,196/16623,0.14285714285714285,21.393822393822393,23.547826555682857,8.804348986513405e-30,5.423478975692258e-28,4.161213363099494e-28,Ndufv3/Ndufc2/Ndufc1/Ndufa12/Ndufa6/Hk2/Gpd1/Ndufa2/Gpi1/Aldoa/Eno1/Ndufb9/Ndufb5/Ndufb4/Ndufa1/Ndufb2/Ndufs8/Ndufa8/Ndufb6/Mtch2/Ndufb8/Ndufb11/Ndufa11/Ndufs7/Ndufa13/Pfkl/Sdha/Sdhc,28
GO:0032981,mitochondrial respiratory chain complex I assembly,19/111,50/16623,0.38,56.90756756756757,32.46073302051125,2.3676814884890805e-29,1.2682537364428467e-27,9.730791655209127e-28,Ndufc2/Ndufc1/Ndufa12/Ndufa6/Ndufa2/Ndufb9/Ndufb5/Ndufb4/Ndufa1/Ndufb2/Aifm1/Ndufs8/Ndufa8/Ndufb6/Ndufb8/Ndufb11/Ndufa11/Ndufs7/Ndufa13,19
GO:0046390,ribose phosphate biosynthetic process,24/111,139/16623,0.17266187050359713,25.857281742173832,24.128649813306673,1.2708491142790724e-27,5.398917616523509e-26,4.1423684378316056e-26,Ndufv3/Ndufc2/Ndufc1/Ndufa12/Ndufa6/Ndufa2/G6pdx/Aldoa/Eno1/Ndufb9/Ndufb5/Ndufb4/Ndufa1/Ndufb2/Ndufs8/Ndufa8/Ndufb6/Ndufb8/Ndufb11/Ndufa11/Ndufs7/Ndufa13/Sdha/Sdhc,24
GO:0007005,mitochondrion organization,30/111,432/16623,0.06944444444444445,10.399774774774775,16.23027106570568,1.7008743629681238e-22,5.37301850045315e-21,4.1224971064652506e-21,Ddhd2/Ndufc2/Chchd10/Ndufc1/Ndufa12/Ndufa6/Hk2/Ndufa2/Ndufb9/Ndufb5/Letmd1/Ghitm/Sod2/Ndufb4/Ndufa1/Ndufb2/Aifm1/Ndufs8/Ndufa8/Cox7a1/Ndufb6/Mtch2/Ndufb8/Ndufb11/Letm1/Ndufa11/Aifm2/Cox7a2/Ndufs7/Ndufa13,30
GO:0006631,fatty acid metabolic process,27/111,422/16623,0.06398104265402843,9.581593441783015,14.640521226715954,2.5428706744405647e-19,7.83204167727694e-18,6.0092049095990195e-18,Hadha/Elovl6/Hadh/Mgll/Cpt2/Elovl3/Fabp3/Apoc1/Acadl/Acsl5/Acaca/Hsd17b12/Echs1/Acad11/Ech1/Decr1/Dbi/Ephx2/Acot11/Acsl1/Acadm/Acly/Ces1d/Fasn/Etfdh/Crat/Hadhb,27
GO:0072329,monocarboxylic acid catabolic process,17/111,132/16623,0.12878787878787878,19.286855036855037,17.29441118372948,1.6763054593468244e-17,5.037093477842165e-16,3.8647555904838213e-16,Pgd/Hadha/Hadh/Cpt2/Acadl/Acsl5/Ldha/Echs1/Acad11/Ech1/Decr1/Dbi/Acadm/Ces1d/Etfdh/Crat/Hadhb,17
GO:0044282,small molecule catabolic process,23/111,345/16623,0.06666666666666667,9.983783783783784,13.825205801489142,6.638504421510212e-17,1.947294630309662e-15,1.4940794412321231e-15,Pgd/Hadha/Hadh/Cpt2/Gpd2/Gpi1/Aldoa/Eno1/Acadl/Acsl5/Ldha/Echs1/Acad11/Ech1/Decr1/Dbi/Dbt/Acadm/Ces1d/Etfdh/Pfkl/Crat/Hadhb,23
GO:0044242,cellular lipid catabolic process,19/111,212/16623,0.08962264150943396,13.421596124426312,14.923857743487574,1.8730735470888968e-16,5.244605931848911e-15,4.023971400205333e-15,Ddhd2/Hadha/Hadh/Mgll/Cpt2/Apoc1/Acadl/Acsl5/Echs1/Acad11/Pnpla2/Ech1/Decr1/Dbi/Acadm/Ces1d/Etfdh/Crat/Hadhb,19
GO:0035384,thioester biosynthetic process,9/111,36/16623,0.25,37.439189189189186,17.944828882151484,1.5370623518192574e-12,3.443019668075136e-11,2.641688022839604e-11,Elovl6/Pdha1/Elovl3/Acsl5/Acaca/Mpc2/Dlat/Acsl1/Acly,9
GO:0035383,thioester metabolic process,12/111,96/16623,0.125,18.719594594594593,14.275642806299226,1.6736375525664792e-12,3.6174060785296536e-11,2.775487575631945e-11,Elovl6/Pdha1/Elovl3/Acsl5/Acaca/Mpc2/Dlat/Acot11/Acsl1/Acly/Ces1d/Fasn,12
GO:1902600,proton transmembrane transport,12/111,116/16623,0.10344827586206896,15.492078285181732,12.841888025391478,1.6499182099141746e-11,3.5046538527832125e-10,2.6889774092612143e-10,Cyc1/Uqcrfs1/Ndufa2/Ucp1/Otop1/Ghitm/Ndufa4/Ndufs8/Cox7a1/Uqcrh/Letm1/Ndufs7,12
GO:1990845,adaptive thermogenesis,13/111,160/16623,0.08125,12.167736486486488,11.63788197340653,4.955593956499954e-11,1.0347952126115158e-9,7.939559987398678e-10,Elovl6/Hadh/Bola3/Cpt2/Elovl3/Ucp1/Letmd1/Acadl/Decr1/Acot11/Adrb3/Acsl1/Ces1d,13
GO:0006090,pyruvate metabolic process,12/111,135/16623,0.08888888888888889,13.311711711711713,11.776185032488375,9.986501574076802e-11,2.05056165654377e-9,1.5733120023720999e-9,Hk2/Gpd1/Pdha1/Gpi1/Aldoa/Eno1/Pcx/Ldha/Mpc2/Dlat/Mtch2/Pfkl,12
GO:0006006,glucose metabolic process,14/111,213/16623,0.06572769953051644,9.843167110772745,10.649927017553521,1.4758270286499408e-10,2.840967030151136e-9,2.179757683762577e-9,Hk2/Gpd1/Bola3/G6pdx/Pdha1/Gpd2/Gpi1/Aldoa/Eno1/Pcx/Ldha/Dlat/Acadm/Pfkl,14
GO:0106106,cold-induced thermogenesis,12/111,144/16623,0.08333333333333333,12.47972972972973,11.343596529145454,2.129049235491613e-10,3.974225239584345e-9,3.049260308566935e-9,Elovl6/Hadh/Cpt2/Elovl3/Ucp1/Letmd1/Acadl/Decr1/Acot11/Adrb3/Acsl1/Ces1d,12
GO:0019674,NAD metabolic process,8/111,57/16623,0.14035087719298245,21.01849217638691,12.412614005920018,3.855766519724943e-9,6.507266236028946e-8,4.992758954164383e-8,Gpd1/Gpd2/Gpi1/Aldoa/Eno1/Pcx/Ldha/Pfkl,8
GO:0006734,NADH metabolic process,7/111,38/16623,0.18421052631578946,27.586770981507822,13.452498223170222,5.202346774687532e-9,8.661204360020324e-8,6.645387487438698e-8,Gpd1/Gpd2/Gpi1/Aldoa/Eno1/Pcx/Pfkl,7
GO:0006839,mitochondrial transport,11/111,172/16623,0.06395348837209303,9.577467001885609,9.271081879351089,2.0435095608920393e-8,3.3419570244467566e-7,2.564146794218377e-7,Chchd10/Hk2/Ucp1/Ghitm/Mpc2/Aifm1/Slc25a20/Mtch2/Letm1/Ndufa13/Slc25a1,11
GO:0016052,carbohydrate catabolic process,10/111,176/16623,0.056818181818181816,8.508906633906633,8.210941924972154,2.808685882892604e-7,4.3801278578780855e-6,3.360692768604342e-6,Pgd/Hk2/Gpd1/Gpd2/Gpi1/Aldoa/Eno1/Ldha/Mtch2/Pfkl,10
GO:0046364,monosaccharide biosynthetic process,8/111,102/16623,0.0784313725490196,11.745627980922098,8.925180536574741,3.9918129446960014e-7,5.894379552843257e-6,4.522516095739273e-6,Pgd/Gpd1/G6pdx/Gpd2/Gpi1/Eno1/Pcx/Acadm,8
GO:0009409,response to cold,6/111,45/16623,0.13333333333333333,19.967567567567567,10.446122572748289,5.098118511078391e-7,7.226392906910273e-6,5.544515405336146e-6,Ucp1/Acadl/Acot11/Adrb3/Acadm/Ces1d,6
GO:0043604,amide biosynthetic process,9/111,144/16623,0.0625,9.359797297297296,8.260662039838266,5.103053432639559e-7,7.226392906910273e-6,5.544515405336146e-6,Elovl6/Pdha1/Elovl3/Acsl5/Acaca/Mpc2/Dlat/Acsl1/Acly,9
GO:0046184,aldehyde biosynthetic process,5/111,26/16623,0.19230769230769232,28.799376299376302,11.630816869441219,7.131812343311136e-7,9.655376710944306e-6,7.408175227638404e-6,Gpd1/Aldoa/Eno1/Pcx/Tkt,5
GO:0009437,carnitine metabolic process,4/111,12/16623,0.3333333333333333,49.91891891891892,13.898658147645437,8.944560597249211e-7,1.1599682795590555e-5,8.899961680143814e-6,Cpt2/Acadl/Acadm/Crat,4
GO:0042180,cellular ketone metabolic process,10/111,232/16623,0.04310344827586207,6.455032618825723,6.860281040814497,3.475673903806615e-6,4.3252830802926765e-5,3.3186126162874436e-5,Gpd1/Gpd2/Aldoa/Fabp3/Apoc1/Acadl/Acsl5/Dbi/Aifm2/Ces1d,10
GO:0062012,regulation of small molecule metabolic process,12/111,355/16623,0.03380281690140845,5.062200228397411,6.343248264453219,4.42268949684408e-6,5.394805406051393e-5,4.139213307103683e-5,Ndufc2/Gpd1/Eno1/Fabp3/Apoc1/Acadl/Acsl5/Dbi/Ephx2/Mtch2/Acadm/Ces1d,12
GO:0006096,glycolytic process,7/111,101/16623,0.06930693069306931,10.37918116135938,7.751711319501479,5.020460777505269e-6,6.005055997948049e-5,4.607433600612909e-5,Hk2/Gpd1/Gpi1/Aldoa/Eno1/Mtch2/Pfkl,7
GO:0046032,ADP catabolic process,7/111,105/16623,0.06666666666666667,9.983783783783784,7.57144022618069,6.499897475220111e-6,7.62654637092493e-5,5.851536774684371e-5,Hk2/Gpd1/Gpi1/Aldoa/Eno1/Mtch2/Pfkl,7
GO:0006735,NADH regeneration,4/111,19/16623,0.21052631578947367,31.527738264580368,10.91612137931919,6.755655815067743e-6,7.635750425838036e-5,5.858598669175117e-5,Gpi1/Aldoa/Eno1/Pfkl,4
GO:0072526,pyridine-containing compound catabolic process,7/111,110/16623,0.06363636363636363,9.52997542997543,7.359264644456589,8.842334609821179e-6,9.555926525701484e-5,7.331871172317099e-5,Hk2/Gpd1/Gpi1/Aldoa/Eno1/Mtch2/Pfkl,7
GO:0008637,apoptotic mitochondrial changes,7/111,115/16623,0.06086956521739131,9.115628672150413,7.160232859106782,1.1846159105489466e-5,1.2162056681635853e-4,9.331448137482055e-5,Chchd10/Hk2/Ghitm/Sod2/Aifm1/Mtch2/Aifm2,7
GO:1901570,fatty acid derivative biosynthetic process,4/111,24/16623,0.16666666666666666,24.95945945945946,9.630414118384188,1.8049787371593363e-5,1.7648680985557957e-4,1.3541110325556257e-4,Elovl6/Elovl3/Acsl5/Acsl1,4
GO:1905952,regulation of lipid localization,8/111,172/16623,0.046511627906976744,6.965430546825895,6.447823702853879,1.993224809607125e-5,1.9335850121543136e-4,1.4835606125380838e-4,Plin2/Fabp3/Apoc1/Acsl5/Pnpla2/Dbi/Acsl1/Ces1d,8
GO:1990542,mitochondrial transmembrane transport,6/111,96/16623,0.0625,9.359797297297296,6.735000595650608,4.40389020565796e-5,4.0189575802745237e-4,3.08358160209033e-4,Ucp1/Ghitm/Mpc2/Aifm1/Letm1/Slc25a1,6
GO:0006979,response to oxidative stress,11/111,391/16623,0.028132992327365727,4.213105688809013,5.271456913519029,6.106093759293382e-5,5.373362508178177e-4,4.1227610495078634e-4,Ndufa12/Ndufa6/G6pdx/Ucp1/Atox1/Sod2/Ndufb4/Aifm1/Ndufs8/Aifm2/Etfdh,11
GO:0015718,monocarboxylic acid transport,7/111,155/16623,0.04516129032258064,6.763208369659981,5.910347692136781,8.077472458579037e-5,7.008060611950264e-4,5.376997974650834e-4,Plin2/Fabp3/Rbp7/Acsl5/Mpc2/Acsl1/Ces1d,7
GO:1902652,secondary alcohol metabolic process,7/111,156/16623,0.04487179487179487,6.71985446985447,5.88495740811661,8.4109227489533e-5,7.196011685215601e-4,5.521205137836305e-4,G6pdx/Apoc1/Acadl/Idh3a/Ephx2/Idh3g/Ces1d,7
GO:0019216,regulation of lipid metabolic process,10/111,345/16623,0.028985507246376812,4.340775558166863,5.141142166801867,1.0482361758897404e-4,8.676410444319047e-4,6.657054493334334e-4,Ppp2r5a/Fabp3/Apoc1/Acadl/Acsl5/Pcx/Pnpla2/Dbi/Ephx2/Ces1d,10
GO:0072350,tricarboxylic acid metabolic process,3/111,16/16623,0.1875,28.07939189189189,8.884982858964142,1.5231538488642054e-4,0.00121066163987142,9.288911078302591e-4,Idh3a/Idh3g/Acly,3
GO:0006081,cellular aldehyde metabolic process,5/111,77/16623,0.06493506493506493,9.724464724464724,6.2913077796736045,1.6344648903205046e-4,0.001290808169791578,9.90384258777202e-4,Gpd1/Aldoa/Eno1/Pcx/Tkt,5
GO:0046434,organophosphate catabolic process,8/111,233/16623,0.034334763948497854,5.141862892935854,5.220204186170954,1.688263720990457e-4,0.001324803123732639,0.0010164671950716932,Hk2/Gpd1/Gpi1/Aldoa/Eno1/Apoc1/Mtch2/Pfkl,8
GO:0044539,long-chain fatty acid import into cell,3/111,18/16623,0.16666666666666666,24.95945945945946,8.33867633116421,0.00021979535186134484,0.0017030683867495398,0.0013066946439688027,Fabp3/Acsl5/Acsl1,3
GO:0032368,regulation of lipid transport,6/111,135/16623,0.044444444444444446,6.655855855855856,5.409841184981854,2.891929551262642e-4,0.002226785754472234,0.0017085215375222712,Fabp3/Apoc1/Acsl5/Dbi/Acsl1/Ces1d,6
GO:1901568,fatty acid derivative metabolic process,4/111,49/16623,0.08163265306122448,12.22504136789851,6.451721490059829,3.1653571120133e-4,0.0024072345444446823,0.0018469725059050964,Elovl6/Elovl3/Acsl5/Acsl1,4
GO:0006739,NADP metabolic process,4/111,50/16623,0.08,11.98054054054054,6.375458822754407,3.4230211674445834e-4,0.0025714402916412965,0.001972960852609266,Pgd/G6pdx/Pcx/Tkt,4
GO:0018904,ether metabolic process,3/111,23/16623,0.13043478260869565,19.53349001175088,7.2923981246956755,4.655743117223783e-4,0.0033348113490812214,0.0025586642100776974,Chpt1/Ephx2/Fasn,3
GO:0010565,regulation of cellular ketone metabolic process,6/111,154/16623,0.03896103896103896,5.834678834678834,4.941942220361789,5.835075343557397e-4,0.004038658889473435,0.0030986976100026865,Fabp3/Apoc1/Acadl/Acsl5/Dbi/Ces1d,6
GO:0072593,reactive oxygen species metabolic process,7/111,225/16623,0.03111111111111111,4.659099099099099,4.530783163934331,7.823072831964846e-4,0.005266680726218957,0.004040908486111264,Ndufc2/Hk2/G6pdx/Cycs/Ucp1/Sod2/Ndufa13,7
GO:0055088,lipid homeostasis,6/111,164/16623,0.036585365853658534,5.478905735003296,4.726018441877499,8.11521670508127e-4,0.005433666837315286,0.004169030092198501,Fabp3/Acaca/Pnpla2/Ephx2/Mtch2/Ces1d,6
GO:0010876,lipid localization,10/111,450/16623,0.022222222222222223,3.327927927927928,4.104722316758006,8.614338429837742e-4,0.005705841368580699,0.004377858466323879,Plin2/Fabp3/Apoc1/Rbp7/Acsl5/Pnpla2/Dbi/Slc25a20/Acsl1/Ces1d,10
GO:0003085,negative regulation of systemic arterial blood pressure,3/111,29/16623,0.10344827586206896,15.492078285181732,6.4040898410355585,9.330171844315135e-4,0.006146936744489971,0.004716292888373202,G6pdx/Sod2/Adrb3,3
GO:0097306,cellular response to alcohol,5/111,113/16623,0.04424778761061947,6.626405166228175,4.920395092798371,9.602666624010361e-4,0.006292811319564237,0.004828216477245972,Ucp1/Sod2/Acaca/Aifm1/Ces1d,5
GO:1901136,carbohydrate derivative catabolic process,7/111,238/16623,0.029411764705882353,4.404610492845786,4.337464939796492,0.00108570870902668,0.007039963839583524,0.00540147601499146,Hk2/Gpd1/Gpi1/Aldoa/Eno1/Mtch2/Pfkl,7
GO:0015849,organic acid transport,8/111,319/16623,0.025078369905956112,3.7556553418622385,4.07451991378717,0.0013438376812053658,0.008534061975489745,0.0065478363414130155,Plin2/Fabp3/Rbp7/Acsl5/Mpc2/Acsl1/Ces1d/Slc25a1,8
GO:1903578,regulation of ATP metabolic process,4/111,74/16623,0.05405405405405406,8.094959824689555,5.015141730238691,0.0015127419847540948,0.009460396574705812,0.007258574952226435,Ndufc2/Gpd1/Eno1/Mtch2,4
GO:0034389,lipid droplet organization,3/111,36/16623,0.08333333333333333,12.47972972972973,5.653303220985606,0.0017623401631563843,0.010910568246274701,0.008371232301054923,Ddhd2/Plin2/Pnpla2,3
GO:0008611,ether lipid biosynthetic process,2/111,11/16623,0.18181818181818182,27.22850122850123,7.134477033094115,0.002336653712462792,0.013907040452918646,0.01067030273985043,Chpt1/Fasn,2
GO:0043467,regulation of generation of precursor metabolites and energy,5/111,142/16623,0.035211267605633804,5.273125237913971,4.1927725398178435,0.0026320378825634666,0.015223805968630004,0.011680603007373329,Gpd1/Ndufa4/Cox7a1/Mtch2/Cox7a2,5
GO:0008203,cholesterol metabolic process,5/111,145/16623,0.034482758620689655,5.164026095060578,4.129034225418584,0.0028807379717325264,0.016280133858598497,0.01249108014783104,G6pdx/Apoc1/Acadl/Ephx2/Ces1d,5
GO:0072655,establishment of protein localization to mitochondrion,4/111,90/16623,0.044444444444444446,6.655855855855856,4.411101416382039,0.003096449406459074,0.017340116676170813,0.013304361564594492,Hk2/Aifm1/Mtch2/Ndufa13,4
GO:2000377,regulation of reactive oxygen species metabolic process,5/111,149/16623,0.03355704697986577,5.025394522038817,4.046740380591826,0.0032382438926128135,0.017907753501600555,0.013739886059840481,Ndufc2/Hk2/G6pdx/Ucp1/Sod2,5
GO:0003044,regulation of systemic arterial blood pressure mediated by a chemical signal,3/111,47/16623,0.06382978723404255,9.558941920644049,4.817618741773894,0.0037951038387996476,0.02026357622670114,0.01554741238173071,G6pdx/Sod2/Adrb3,3
GO:0002024,diet induced thermogenesis,2/111,14/16623,0.14285714285714285,21.393822393822393,6.258845001196104,0.003815868250482682,0.02026357622670114,0.01554741238173071,Ucp1/Adrb3,2
GO:0010889,regulation of sequestering of triglyceride,2/111,15/16623,0.13333333333333333,19.967567567567567,6.025622078830059,0.0043837925511684755,0.02269257320604858,0.017411082312911504,Plin2/Pnpla2,2
GO:0051235,maintenance of location,7/111,328/16623,0.021341463414634148,3.19602834541859,3.293449202578834,0.006453286267470785,0.03167509434870122,0.024303003011905074,Hk2/Plin2/Ghitm/Pnpla2/Dbi/Letm1/Ces1d,7
GO:0046902,regulation of mitochondrial membrane permeability,3/111,57/16623,0.05263157894736842,7.881934566145092,4.267194383616929,0.006526211297018019,0.03177981153330514,0.024383348220187985,Chchd10/Hk2/Mtch2,3
GO:0042311,vasodilation,3/111,58/16623,0.05172413793103448,7.746039142590866,4.219591626702016,0.0068491701387344145,0.03322117169653858,0.025489244859442622,G6pdx/Sod2/Adrb3,3
GO:0046485,ether lipid metabolic process,2/111,19/16623,0.10526315789473684,15.763869132290184,5.279270481149707,0.007016191356689536,0.03350367345519964,0.025705996892318252,Chpt1/Fasn,2
GO:0010821,regulation of mitochondrion organization,4/111,114/16623,0.03508771929824561,5.254623044096728,3.7372867256769595,0.007159394222786351,0.03405549684352427,0.026129388384727264,Ddhd2/Chchd10/Ghitm/Mtch2,4
GO:0051289,protein homotetramerization,3/111,60/16623,0.05,7.487837837837839,4.127712104167628,0.007523211997868914,0.03551186659530461,0.027246801266732346,Aldoa/Sod2/Acaca,3
GO:0050873,brown fat cell differentiation,3/111,62/16623,0.04838709677419355,7.246294681778553,4.039971707389378,0.008235166048170936,0.03828575309942111,0.029375090809364453,Ucp1/Fabp3/Adrb3,3
GO:0002082,regulation of oxidative phosphorylation,2/111,21/16623,0.09523809523809523,14.262548262548263,4.98608534999043,0.008541866666850396,0.03883239754081066,0.029794508707833203,Cox7a1/Cox7a2,2
GO:0006089,lactate metabolic process,2/111,21/16623,0.09523809523809523,14.262548262548263,4.98608534999043,0.008541866666850396,0.03883239754081066,0.029794508707833203,Ldha/Mtch2,2
GO:0006851,mitochondrial calcium ion transmembrane transport,2/111,21/16623,0.09523809523809523,14.262548262548263,4.98608534999043,0.008541866666850396,0.03883239754081066,0.029794508707833203,Ghitm/Letm1,2
GO:0070542,response to fatty acid,3/111,66/16623,0.045454545454545456,6.8071253071253075,3.8756596296396233,0.009774615622523861,0.04427325899613749,0.03396905893586079,Bola3/Ucp1/Acsl1,3
GO:0090151,establishment of protein localization to mitochondrial membrane,2/111,23/16623,0.08695652173913043,13.022326674500588,4.7304416189298415,0.010202018747139207,0.04587185071706388,0.03519559291175954,Mtch2/Ndufa13,2
GO:0097305,response to alcohol,6/111,277/16623,0.021660649819494584,3.2438286662113374,3.0876432647541994,0.010703696217231861,0.04777881789720889,0.03665873075161789,G6pdx/Ucp1/Sod2/Acaca/Aifm1/Ces1d,6
